{
	"web": {
		"client_id": "311545007847-773k9v124teoj47f8e4qqj11e3m74vk8.apps.googleusercontent.com",
		"project_id": "valued-range-353904",
		"auth_uri": "https://accounts.google.com/o/oauth2/auth",
		"token_uri": "https://oauth2.googleapis.com/token",
		"auth_provider_x509_cert_url": "https://www.googleapis.com/oauth2/v1/certs",
		"client_secret": "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",
		"redirect_uris": ["http://localhost", "http://localhost:3000"],
		"javascript_origins": ["http://localhost", "http://localhost:3000"]
	}
}
